{
    "rmse": 0.6471318591837709,
    "mae": 0.32098538282698,
    "r2_score": 0.5407775231032128
}